{
  "collection": "@nestjs/schematics",
  "sourceRoot": "apps/server/src",
  "monorepo": true,
  "root": "apps/server",
  "compilerOptions": {
    "webpack": true,
    "tsConfigPath": "apps/server/tsconfig.app.json"
  },
  "projects": {
    "server": {
      "type": "application",
      "root": "apps/server",
      "entryFile": "main",
      "sourceRoot": "apps/server/src",
      "compilerOptions": {
        "tsConfigPath": "apps/server/tsconfig.app.json"
      }
    },
    "admin": {
      "type": "application",
      "root": "apps/admin",
      "entryFile": "main",
      "sourceRoot": "apps/admin/src",
      "compilerOptions": {
        "tsConfigPath": "apps/admin/tsconfig.app.json"
      }
    },
    "db": {
      "type": "library",
      "root": "libs/db",
      "entryFile": "index",
      "sourceRoot": "libs/db/src",
      "compilerOptions": {
        "tsConfigPath": "libs/db/tsconfig.lib.json"
      }
    }
  }
}